<project xmlns="http://maven.apache.org/POM/4.0.0" xmlns:xsi="http://www.w3.org/2001/XMLSchema-instance"
	xsi:schemaLocation="http://maven.apache.org/POM/4.0.0 http://maven.apache.org/xsd/maven-4.0.0.xsd">
	<modelVersion>4.0.0</modelVersion>

	<parent>
		<groupId>com.fedex.srs.rdt</groupId>
		<artifactId>parent</artifactId>
		<version>1.0</version>
	</parent>

	<artifactId>RDTInvoiceInquiry</artifactId>
	<name>RDTInvoiceInquiry</name>
	<version>${VERSION_NUMBER}</version>
	<packaging>war</packaging>


	<build>
		<plugins>
			<plugin>
				<groupId>org.apache.maven.plugins</groupId>
				<artifactId>maven-war-plugin</artifactId>
				<version>2.4</version>
				<configuration>
					<warName>${name}</warName>
					<packagingExcludes>WEB-INF/lib/oracle-6.jar</packagingExcludes>
					<webResources>
						<resource>
							<directory>src/main/resources</directory>
						</resource>
					</webResources>
				</configuration>
			</plugin>

			<plugin>
				<artifactId>maven-assembly-plugin</artifactId>
				<configuration>
					<descriptors>
						<descriptor>assembly/app-assembly-pom.xml</descriptor>
					</descriptors>
					<finalName>app-RDTInvoiceInquiry-${project.version}</finalName>
				</configuration>
			</plugin>

			<plugin>
				<groupId>org.apache.maven.plugins</groupId>
				<artifactId>maven-surefire-plugin</artifactId>
				<version>2.18</version>
				<configuration>
					<argLine>-XX:-UseSplitVerifier</argLine>
					<testFailureIgnore>true</testFailureIgnore>
				</configuration>
			</plugin>

			<plugin>
				<groupId>org.codehaus.mojo</groupId>
				<artifactId>emma-maven-plugin</artifactId>
				<version>1.0-alpha-3</version>
				<configuration>
					<filters>
						<filter>+com.fedex.srs.rdt.invoiceinquiry.dao.*</filter>
						<filter>+com.fedex.srs.rdt.invoiceinquiry.service.*</filter>
						<filter>+com.fedex.srs.rdt.invoiceinquiry.helper.*</filter>
					</filters>
					<!-- verbose>true</verbose -->
				</configuration>
			</plugin>

			<plugin>
				<groupId>org.apache.maven.plugins</groupId>
				<artifactId>maven-pmd-plugin</artifactId>
				<version>3.4</version>
				<configuration>
					<excludes>
						<exclude>**/model/*.java</exclude>
						<exclude>**/entity/*.java</exclude>
					</excludes>
					<rulesets>
						<ruleset>/home/idea/grsCodeQualityRules/pmd/fedexruleset.xml</ruleset>
					</rulesets>
				</configuration>
			</plugin>
			
			<plugin>
				<artifactId>maven-compiler-plugin</artifactId>
				<version>3.2</version>
				<configuration>
					<source>1.6</source>
					<target>1.6</target>
					<encoding>UTF-8</encoding>
				</configuration>
			</plugin>
		</plugins>
	</build>
	
	<reporting>
		<plugins>
			<plugin>
				<artifactId>maven-pmd-plugin</artifactId>
				<version>3.4</version>
				<configuration>
					<skip>false</skip>
					<targetJdk>1.6</targetJdk>
					<failOnViolation>false</failOnViolation>
				</configuration>
			</plugin>
			<plugin>
				<groupId>org.apache.maven.plugins</groupId>
				<artifactId>maven-surefire-report-plugin</artifactId>
				<version>2.6</version>
				<reportSets>
					<reportSet>
						<reports>
							<report>report-only</report>
						</reports>
					</reportSet>
				</reportSets>
			</plugin>
			<!-- This causes all of the jUnits to be executed -->
			<plugin>
				<groupId>org.codehaus.mojo</groupId>
				<artifactId>emma-maven-plugin</artifactId>
				<version>1.0-alpha-3</version>
			</plugin>
			<plugin>
				<groupId>org.apache.maven.plugins</groupId>
				<artifactId>maven-checkstyle-plugin</artifactId>
				<version>2.14</version>
				<reportSets>
					<reportSet>
						<reports>
							<report>checkstyle</report>
						</reports>
					</reportSet>
				</reportSets>
			</plugin>
			<plugin>
				<groupId>org.codehaus.mojo</groupId>
				<artifactId>findbugs-maven-plugin</artifactId>
				<version>2.5.5</version>
			</plugin>

		</plugins>
	</reporting>
	
	<dependencies>

		<dependency>
			<groupId>com.fedex.csframework</groupId>
			<artifactId>oracle</artifactId>
			<version>6</version>
			<scope>provided</scope>			
		</dependency>

		<dependency>
			<groupId>org.aspectj</groupId>
			<artifactId>aspectjrt</artifactId>
			<version>${aspectj.version}</version>			
		</dependency>
		
		<dependency>
			<groupId>com.fedex.rdt</groupId>
			<artifactId>rdt-xmlbeans</artifactId>
			<version>${VERSION_NUMBER}</version>
			<scope>provided</scope>		
		</dependency>
		
<!--=========================== All Dependent Project use as a jar file  -->		
		<dependency>
			<groupId>com.fedex.srs.rdt</groupId>
			<artifactId>RDTInvoiceInquiryClient</artifactId>
			<version>${VERSION_NUMBER}</version>
		</dependency>
		<dependency>
			<groupId>com.fedex.srs.rdt</groupId>
			<artifactId>RDTCustomerService</artifactId>
			<version>${VERSION_NUMBER}</version>			
		</dependency>
		<dependency>
			<groupId>com.fedex.client</groupId>
			<artifactId>RDTRDAServiceClient</artifactId>
			<version>${VERSION_NUMBER}</version>
		</dependency>
		<dependency>
			<groupId>com.fedex.srs.rdt</groupId>
			<artifactId>RDTPEARSAdjustmentsClient</artifactId>
			<version>${VERSION_NUMBER}</version>
		</dependency>
		<dependency>
			<groupId>com.fedex.rdt</groupId>
			<artifactId>c3common-client</artifactId>
			<version>${c3-client-version}</version>
		</dependency>
		<dependency>
			<groupId>com.fedex.rdt.cache.c3</groupId>
			<artifactId>rdt-c3Cache-api</artifactId>
			<version>${c3-client-version}</version>
		</dependency>

	</dependencies>


</project>
