<?xml version="1.0" encoding="UTF-8"?>

<project xmlns="http://maven.apache.org/POM/4.0.0"
        xmlns:xsi="http://www.w3.org/2001/XMLSchema-instance"
        xsi:schemaLocation="http://maven.apache.org/POM/4.0.0 http://maven.apache.org/maven-v4_0_0.xsd">

        <modelVersion>4.0.0</modelVersion>

        <groupId>com.fedex.srs.rdt</groupId>
        <artifactId>RDTInvoiceInquiry-var</artifactId>
        <packaging>pom</packaging>
        <version>${VERSION_NUMBER}</version>

        <build>
           <plugins>
              <plugin>
                 <artifactId>maven-assembly-plugin</artifactId>
                 <configuration>
              
                     <descriptors>
                        <descriptor>assembly/var-assembly-pom.xml</descriptor>
                     </descriptors>
                     <finalName>var-RDTInvoiceInquiry-${project.version}</finalName>
                  </configuration>
               </plugin>
           </plugins>
        </build>

        <repositories>
           <repository>
             <id>edd-repository</id>
             <name>edd Repository</name>
             <url>http://edd-maven.prod.fedex.com/repo/internal</url>
           </repository>
        </repositories>

</project>

