<?xml version="1.0" encoding="UTF-8"?>
<project name="Reflow Maven Skin"
  xmlns="http://maven.apache.org/DECORATION/1.7.0"
  xmlns:xsi="http://www.w3.org/2001/XMLSchema-instance"
  xsi:schemaLocation="http://maven.apache.org/DECORATION/1.7.0 http://maven.apache.org/xsd/decoration-1.7.0.xsd">
  <bannerLeft>
    <name>Deployment Tools - SEFS System Team</name>
    <src>./images/SEFS-very-small.png</src>
    <href>http://sso.secure.fedex.com/sefs-dashboard</href>
  </bannerLeft>

<skin>
  <groupId>lt.velykis.maven.skins</groupId>
  <artifactId>reflow-maven-skin</artifactId>
  <version>1.1.1</version>
</skin>  
  <custom>
    <reflowSkin>
      <theme>bootswatch-flatly</theme>
      <brand>
        <name>SEFS - Deployment Tools</name>
        <href>./index.html</href>
      </brand>
      <slogan>The Deployment Tools for SEFS</slogan>
      <titleTemplate>%2$s | %1$s</titleTemplate>
      <toc>top</toc>
      <tocTopMax>4</tocTopMax>      
      <topNav>Documentation|Download|reports</topNav>
      <bottomNav>
        <column>Main|Download</column>
        <column>Documentation</column>
        <column>reports|modules</column>       
      </bottomNav>
      <bottomDescription>The Deployment Tools project evolves around deployment automation SEFS. Externalizing most functions so external automation can drive deployments to Silver Fabric and FDeploy</bottomDescription>
          <endContent>
      <script src="$resourcePath/js/highlight.min.js"></script>
    </endContent>
      <pages>
        <index project="SEFS Deployment Tools">
          <shortTitle>Welcome to SEFS System Team - Deployment Tools</shortTitle>
          <breadcrumbs>false</breadcrumbs>
          <!--<toc>true</toc> -->
          <toc>true</toc>
          <sections>
            <carousel />
            <body />
            <sidebar />
            <thumbs>2</thumbs>
            <columns>2</columns>
          </sections>
        </index>
        <developer-info>
          <toc>sidebar</toc>
        </developer-info>
      </pages>
    </reflowSkin>
    
  
  </custom>
  
  
  

    
  <body>
    <links>
      <item name="Deployment Tools" href="index.html" />
    </links>

    <menu name="Documentation">
      <item name="About" href="index.html" />
      <item name="Manual silverControl" href="silverControl.html" />
      <item name="Manual fDeploy" href="fdeploy.html" />
      <item name="Release Manifest" href="releaseManifest.html" />
    </menu>

    <menu ref="reports" />
  </body>  

</project>