<?xml version="1.0" encoding="UTF-8"?>

<project xmlns="http://maven.apache.org/POM/4.0.0" xmlns:xsi="http://www.w3.org/2001/XMLSchema-instance"
	xsi:schemaLocation="http://maven.apache.org/POM/4.0.0 http://maven.apache.org/maven-v4_0_0.xsd">

	<modelVersion>4.0.0</modelVersion>

	<groupId>com.fedex.srs.rdt</groupId>
	<artifactId>RDTConnectorGridWeb-var</artifactId>
	<packaging>pom</packaging>
	<version>1.0</version>
	<properties>
		<timestamp>${maven.build.timestamp}</timestamp>
		<maven.build.timestamp.format>yyyyMMdd</maven.build.timestamp.format>
	</properties>
	<build>
		<plugins>
			<plugin>
				<artifactId>maven-assembly-plugin</artifactId>
				<configuration>

					<descriptors>
						<descriptor>assembly/var-assembly-pom.xml</descriptor>
					</descriptors>
					<finalName>srs-rdt-var-${RDT_RELEASE}b-${timestamp}007010.linux</finalName>
				</configuration>
			</plugin>
		</plugins>
	</build>

	<repositories>
		<repository>
			<id>edd-repository</id>
			<name>edd Repository</name>
			<url>http://edd-maven.prod.fedex.com/repo/internal</url>
		</repository>
	</repositories>

</project>

