<?xml version="1.0" encoding="UTF-8"?>
<assembly>
    <formats>
        <format>tar.gz</format>
    </formats>
    <includeBaseDirectory>false</includeBaseDirectory>
    <fileSets>
       <fileSet>
            <directory>src/main/conf</directory>
            <outputDirectory>${RELEASE_NUMBER}/lib/irdt-batch</outputDirectory>
            <lineEnding>unix</lineEnding>
            <excludes>
            	<exclude>*.*</exclude>
        	</excludes>
        	<directoryMode>0755</directoryMode>
        </fileSet>           
        <fileSet>
            <directory>src/main/scripts</directory>
            <outputDirectory>${RELEASE_NUMBER}/scripts/irdt-batch</outputDirectory>
            <lineEnding>unix</lineEnding>
	    <fileMode>0755</fileMode>
        </fileSet>	      
        <fileSet>
            <directory>target</directory>
            <outputDirectory>${RELEASE_NUMBER}/bin/irdt-batch</outputDirectory>
            <includes>
                <include>*.jar</include>
            </includes>
            <fileMode>0755</fileMode>
        </fileSet>
        <fileSet>
            <directory>src/main/conf</directory>
            <outputDirectory>${RELEASE_NUMBER}/cfg/irdt-batch</outputDirectory>
            <lineEnding>unix</lineEnding>
            <fileMode>0775</fileMode>
        </fileSet>
    </fileSets>
	<dependencySets>
        <dependencySet>
            <outputDirectory>${RELEASE_NUMBER}/lib/irdt-batch</outputDirectory>
            <fileMode>0755</fileMode>
        </dependencySet>
    </dependencySets>
</assembly>
