<?xml version="1.0" encoding="UTF-8"?>
<assembly>
    <formats>
        <format>tar.gz</format>
    </formats>
    <includeBaseDirectory>false</includeBaseDirectory>
    <fileSets>
        <fileSet>
            <directory>src/main/conf</directory>
            <outputDirectory>logs/irdt-batch</outputDirectory>
            <lineEnding>unix</lineEnding>
            <excludes>
            	<exclude>*.*</exclude>
        	</excludes>
        	<directoryMode>0775</directoryMode>
        </fileSet>       
        <fileSet>
            <directory>src/main/conf</directory>
            <outputDirectory>data/infiles/irdt-batch</outputDirectory>
            <lineEnding>unix</lineEnding>
            <excludes>
                <exclude>*.*</exclude>
                </excludes>
                <directoryMode>0775</directoryMode>
        </fileSet>
        <fileSet>
            <directory>src/main/conf</directory>
            <outputDirectory>data/infiles/irdt-batch</outputDirectory>
            <lineEnding>unix</lineEnding>
            <fileMode>0775</fileMode>
            <directoryMode>0775</directoryMode>
        </fileSet>
    </fileSets>
    
</assembly>
