<?xml version="1.0" encoding="UTF-8"?>

<assembly>

	<formats>
		<format>tar.gz</format>
	</formats>

	<includeBaseDirectory>false</includeBaseDirectory>

	<fileSets>
		<!-- Start RDTInvoiceInquiry set up -->
		<fileSet>
			<directory>empty</directory>
			<outputDirectory>${RDT_RELEASE}/cfg/RDTInvoiceInquiry</outputDirectory>
			<excludes>
				<exclude>env.properties</exclude>
				<exclude>*.formatted</exclude>
			</excludes>
			<lineEnding>unix</lineEnding>
			<fileMode>0755</fileMode>
			<directoryMode>0755</directoryMode>
		</fileSet>
		<fileSet>
			<directory>empty</directory>
			<outputDirectory>${RDT_RELEASE}/cfg/RDTInvoiceInquiry/env</outputDirectory>
			<excludes>
				<exclude>env.properties</exclude>
				<exclude>*.formatted</exclude>
			</excludes>
			<lineEnding>unix</lineEnding>
			<fileMode>0755</fileMode>
			<directoryMode>0755</directoryMode>
		</fileSet>
		<fileSet>
			<directory>../RDTInvoiceInquiry/src/main/resources/InvoiceInquiry/env</directory>
			<outputDirectory>${RDT_RELEASE}/cfg/RDTInvoiceInquiry/env</outputDirectory>
			<includes>
				<include>**/*</include>
			</includes>
			<excludes>
				<exclude>env.properties</exclude>
				<exclude>*.formatted</exclude>
			</excludes>
			<lineEnding>unix</lineEnding>
			<fileMode>0755</fileMode>
			<directoryMode>0755</directoryMode>
		</fileSet>
		<fileSet>
			<directory>empty</directory>
			<outputDirectory>${RDT_RELEASE}/bin/RDTInvoiceInquiry</outputDirectory>
			
			<excludes>
				<exclude>*.formatted</exclude>
			</excludes>
			<directoryMode>0755</directoryMode>
		</fileSet>
		<fileSet>
			<directory>../RDTInvoiceInquiry/target</directory>
			<outputDirectory>${RDT_RELEASE}/bin/RDTInvoiceInquiry</outputDirectory>
			<includes>
				<include>*.war</include>
			</includes>
			<excludes>
				<exclude>*.formatted</exclude>
			</excludes>
			<fileMode>0755</fileMode>
			<directoryMode>0755</directoryMode>
		</fileSet>
	</fileSets>
</assembly>

