<?xml version="1.0" encoding="UTF-8"?>

<assembly>

        <formats>
                <format>tar.gz</format>
        </formats>

        <includeBaseDirectory>false</includeBaseDirectory>

         <fileSets>

       
	<fileSet>
            <directory>empty</directory>
            <outputDirectory>logs/RDTInvoiceInquiry</outputDirectory>
            <excludes>
                <exclude>*</exclude>
            </excludes>
            <lineEnding>unix</lineEnding>
            <directoryMode>0775</directoryMode>
        </fileSet>

	</fileSets>

</assembly>
