<?xml version="1.0" encoding="UTF-8"?>
<project name="Reflow Maven Skin"
	xmlns="http://maven.apache.org/DECORATION/1.7.0"
	xmlns:xsi="http://www.w3.org/2001/XMLSchema-instance"
	xsi:schemaLocation="http://maven.apache.org/DECORATION/1.7.0 http://maven.apache.org/xsd/decoration-1.7.0.xsd">
	<bannerLeft>
		<name>jenkins-shared-library - SEFS System Team</name>
		<src>./images/SEFS-very-small.png</src>
		<href>http://sso.secure.fedex.com/sefs-dashboard</href>
	</bannerLeft>

	<custom>
		<reflowSkin>
			<theme>bootswatch-flatly</theme>
			<brand>
				<name>SEFS - jenkins-shared-library</name>
				<href>./index.html</href>
			</brand>
			<slogan>jenkins-shared-libary - A collection of pipeline tools for
				CloudBees 2.0.</slogan>
			<titleTemplate>%2$s | %1$s</titleTemplate>
			<toc>top</toc>
			<tocTopMax>4</tocTopMax>
			<topNav>Documentation|reports</topNav>
			<bottomNav>
				<column>Main|Download</column>
				<column>Documentation</column>
				<column>reports|modules</column>
			</bottomNav>
			<bottomDescription>The jenkins-shared-library evolves around the
				generalization of build and deployment steps in the complex world of
				ShipmentEFS</bottomDescription>
			<endContent>
				<script src="$resourcePath/js/highlight.min.js"></script>
			</endContent>
			<pages>
				<index project="SEFS jenkins-shared-library">
					<shortTitle>Welcome to SEFS System Team - jenkins-shared-library </shortTitle>
					<breadcrumbs>false</breadcrumbs>
					<!--<toc>true</toc> -->
					<toc>true</toc>
					<sections>
						<carousel />
						<body />
						<sidebar />
						<thumbs>2</thumbs>
						<columns>2</columns>
					</sections>
				</index>
				<developer-info>
					<toc>sidebar</toc>
				</developer-info>
			</pages>
		</reflowSkin>


	</custom>
	<body>
		<links>
			<item name="jenkins_shared_library
      " href="index.html" />
		</links>

		<menu name="Documentation">
			<item name="About" href="index.html" />
			<item name="-- buildSetup" href="buildSetup.html" />
		</menu>

		<menu ref="reports" />
	</body>

</project>