<?xml version="1.0" encoding="UTF-8"?>
<project xmlns="http://maven.apache.org/POM/4.0.0" xmlns:xsi="http://www.w3.org/2001/XMLSchema-instance" xsi:schemaLocation="http://maven.apache.org/POM/4.0.0 http://maven.apache.org/maven-v4_0_0.xsd">
    <modelVersion>4.0.0</modelVersion>
    <groupId>com.fedex.rdt</groupId>
    <artifactId>rdt-env</artifactId>
    <packaging>pom</packaging>
    <version>${env.BUILD_RELEASE}</version>
    <name>invoiceservice</name>
    <description>This project contains configuration and environment files for all the RDT
        projects.</description>
    <url>http://devlinux1.corp.fedex.com:8080/invoiceservice</url>
    <distributionManagement>
        <repository>
            <id>xopco-repository</id>
            <name>xopco Repository</name>
            <url>file:///home/xopco/maven/repo/internal</url>
        </repository>
    </distributionManagement>
    <build>
        <plugins>
            <plugin>
                <artifactId>maven-assembly-plugin</artifactId>
                <configuration>
                    <descriptors>
                        <descriptor>src/main/assembly/app-rdt-env-assembly.xml</descriptor>
                    </descriptors>
                    <!--<finalName>rev-enable_app-49.0.8.2b-0610.linux</finalName>-->
                    <finalName>rdt-environment-app-${project.version}</finalName>
                </configuration>
            </plugin>
            <plugin>
                <groupId>org.apache.maven.plugins</groupId>
                <artifactId>maven-dependency-plugin</artifactId>
                <executions>
                    <execution>
                        <id>copy_1</id>
                        <phase>package</phase>
                        <goals>
                            <goal>copy</goal>
                        </goals>
                        <configuration>
                            <artifactItems>
                                <artifactItem>
                                    <groupId>com.fedex</groupId>
                                    <artifactId>csm</artifactId>
                                    <version>12.1.2</version>
                                    <type>war</type>
                                    <overWrite>true</overWrite>
                                    <outputDirectory>target</outputDirectory>
                                </artifactItem>
                            </artifactItems>
                        </configuration>
                    </execution>
                </executions>
            </plugin>
        </plugins>
    </build>
    <dependencies/>
    <repositories>
        <repository>
            <id>xopco-repository</id>
            <name>xopco Repository</name>
            <url>http://dvrev-xopco.prod.fedex.com/maven/repo/internal</url>
        </repository>
    </repositories>
</project>
