<?xml version="1.0" encoding="UTF-8"?>
<project xmlns="http://maven.apache.org/POM/4.0.0" xmlns:xsi="http://www.w3.org/2001/XMLSchema-instance" xsi:schemaLocation="http://maven.apache.org/POM/4.0.0 http://maven.apache.org/maven-v4_0_0.xsd">
    <modelVersion>4.0.0</modelVersion>
    <groupId>com.fedex.rdt</groupId>
    <artifactId>chronos-rdt</artifactId>
    <packaging>jar</packaging>
    <version>${env.BUILD_RELEASE}</version>
    <name>chronos-rdt</name>
    <description>This project contains code and configuration files for the RDT batch process for the better performance</description>
    <distributionManagement>
        <repository>
            <id>xopco-repository</id>
            <name>xopco Repository</name>
            <url>file:///home/xopco/maven/repo/internal</url>
        </repository>
    </distributionManagement>
    <build>
        <plugins>
            <plugin>
                <artifactId>maven-assembly-plugin</artifactId>
                <configuration>
                    <descriptors>
                        <descriptor>src/main/assembly/var-irdt-assembly.xml</descriptor>
                    </descriptors>
                    <finalName>rdt-daemon-var-${project.version}</finalName>
                </configuration>
            </plugin>
            <plugin>
                <groupId>org.apache.maven.plugins</groupId>
                <artifactId>maven-compiler-plugin</artifactId>
                <configuration>
                    <source>1.6</source>
                    <target>1.6</target>
                </configuration>
            </plugin>
        </plugins>
    </build>
    <dependencies>
        <dependency>
            <groupId>com.fedex.rdt</groupId>
            <artifactId>rdt-commons</artifactId>
            <version>${env.BUILD_RELEASE}</version>
            <scope>compile</scope>
        </dependency>
        <dependency>
            <groupId>com.fedex.rdt</groupId>
            <artifactId>rdt-xmlbeans</artifactId>
            <version>1.0.0</version>
            <scope>compile</scope>
        </dependency>
        <dependency>
            <groupId>junit</groupId>
            <artifactId>junit</artifactId>
            <version>4.10</version>
            <type>jar</type>
            <scope>provided</scope>
        </dependency>
        <dependency>
            <groupId>com.ibm.db2</groupId>
            <artifactId>db2jcc_license_cisuz</artifactId>
            <version>9.7</version>
            <type>jar</type>
        </dependency>
        <dependency>
            <groupId>com.ibm.db2</groupId>
            <artifactId>db2jcc4</artifactId>
            <version>9.7</version>
            <type>jar</type>
        </dependency>
        <dependency>
            <groupId>com.ibm.jce</groupId>
            <artifactId>jdmpview</artifactId>
            <version>1.0.0</version>
            <type>jar</type>
            <scope>runtime</scope>
        </dependency>
        <dependency>
            <groupId>com.ibm.jce</groupId>
            <artifactId>ibmpkcs11</artifactId>
            <version>1.0.0</version>
            <type>jar</type>
            <scope>runtime</scope>
        </dependency>
        <dependency>
            <groupId>com.ibm.jce</groupId>
            <artifactId>ibmpkcs</artifactId>
            <version>1.0.0</version>
            <type>jar</type>
            <scope>runtime</scope>
        </dependency>
        <dependency>
            <groupId>com.ibm.jce</groupId>
            <artifactId>localedata</artifactId>
            <version>1.0.0</version>
            <type>jar</type>
            <scope>runtime</scope>
        </dependency>
        <dependency>
            <groupId>com.ibm.jce</groupId>
            <artifactId>dumpfmt</artifactId>
            <version>1.0.0</version>
            <type>jar</type>
            <scope>runtime</scope>
        </dependency>
        <dependency>
            <groupId>com.ibm.jce</groupId>
            <artifactId>gskikm</artifactId>
            <version>1.0.0</version>
            <type>jar</type>
            <scope>runtime</scope>
        </dependency>
        <dependency>
            <groupId>com.ibm.jce</groupId>
            <artifactId>ibmjcefips</artifactId>
            <version>1.0.0</version>
            <type>jar</type>
            <scope>runtime</scope>
        </dependency>
        <dependency>
            <groupId>com.ibm.jce</groupId>
            <artifactId>ibmjceprovider</artifactId>
            <version>1.0.0</version>
            <type>jar</type>
            <scope>runtime</scope>
        </dependency>
        <dependency>
            <groupId>com.ibm.jce</groupId>
            <artifactId>ibmjsseprovider2</artifactId>
            <version>1.0.0</version>
            <type>jar</type>
            <scope>runtime</scope>
        </dependency>
        <dependency>
            <groupId>com.ibm.jce</groupId>
            <artifactId>ibmpkcs11impl</artifactId>
            <version>1.0.0</version>
            <type>jar</type>
            <scope>runtime</scope>
        </dependency>
        <dependency>
            <groupId>com.ibm.jce</groupId>
            <artifactId>indicim</artifactId>
            <version>1.0.0</version>
            <type>jar</type>
            <scope>runtime</scope>
        </dependency>
        <dependency>
            <groupId>com.ibm.jce</groupId>
            <artifactId>jaccess</artifactId>
            <version>1.0.0</version>
            <type>jar</type>
            <scope>runtime</scope>
        </dependency>
        <dependency>
            <groupId>com.ibm.jce</groupId>
            <artifactId>ldapsec</artifactId>
            <version>1.0.0</version>
            <type>jar</type>
            <scope>runtime</scope>
        </dependency>
        <dependency>
            <groupId>com.ibm.jce</groupId>
            <artifactId>oldcertpath</artifactId>
            <version>1.0.0</version>
            <type>jar</type>
            <scope>runtime</scope>
        </dependency>
        <dependency>
            <groupId>oracle</groupId>
            <artifactId>oracle-jdbc-thin</artifactId>
            <version>10.2.0</version>
            <scope>compile</scope>
        </dependency>
    </dependencies>
    <repositories>
        <repository>
            <id>xopco-repository</id>
            <name>xopco Repository</name>
            <url>http://dvrev-xopco.prod.fedex.com/maven/repo/internal</url>
        </repository>
    </repositories>
    <reporting>
        <plugins>
            <plugin>
                <groupId>org.apache.maven.plugins</groupId>
                <artifactId>maven-project-info-reports-plugin</artifactId>
            </plugin>
            <plugin>
                <groupId>org.apache.maven.plugins</groupId>
                <artifactId>maven-javadoc-plugin</artifactId>
            </plugin>
            <plugin>
                <groupId>org.apache.maven.plugins</groupId>
                <artifactId>maven-jxr-plugin</artifactId>
            </plugin>
            <plugin>
                <groupId>org.apache.maven.plugins</groupId>
                <artifactId>maven-checkstyle-plugin</artifactId>
            </plugin>
            <plugin>
                <groupId>org.apache.maven.plugins</groupId>
                <artifactId>maven-surefire-report-plugin</artifactId>
            </plugin>
            <plugin>
                <groupId>org.apache.maven.plugins</groupId>
                <artifactId>maven-pmd-plugin</artifactId>
            </plugin>
            <plugin>
                <groupId>org.codehaus.mojo</groupId>
                <artifactId>findbugs-maven-plugin</artifactId>
                <version>1.0-SNAPSHOT</version>
                <configuration>
                    <threshold>Normal</threshold>
                </configuration>
            </plugin>
        </plugins>
    </reporting>
</project>
