<assembly
	xmlns="http://maven.apache.org/plugins/maven-assembly-plugin/assembly/1.1.2"
	xmlns:xsi="http://www.w3.org/2001/XMLSchema-instance"
	xsi:schemaLocation="http://maven.apache.org/plugins/maven-assembly-plugin/assembly/1.1.2 http://maven.apache.org/xsd/assembly-1.1.2.xsd">
	<id>bin</id>
	<formats>
		<format>zip</format>
	</formats>
	<includeBaseDirectory>false</includeBaseDirectory>
	<fileSets>
		<fileSet>
			<directory>${project.basedir}/src/main/python</directory>
			<outputDirectory>/</outputDirectory>
			<excludes>
				<exclude>**/*.log</exclude>
				<exclude>tmp/**</exclude>
				<exclude>build/**</exclude>
				<exclude>dist/**</exclude>
				<exclude>workdir/**</exclude>
				<exclude>htmlcov/**</exclude>
				<exclude>coverage/**</exclude>
				<exclude>unittest2/**</exclude>
				<exclude>unittest/*</exclude>
				<exclude>testfile*</exclude>
				<exclude>target/**</exclude>
				<exclude>*.xml</exclude>
				<exclude>xmlrunner/**</exclude>
				<exclude>**/*.pyc</exclude>
				<exclude>*.txt</exclude>
				<exclude>**/Test*.py</exclude>
				<exclude>setup.*</exclude>
				<exclude>**/test_*.py</exclude>
				<exclude>config*/</exclude>
				<exclude>.cover*</exclude>
				<exclude>**/.pytest*</exclude>
				<exclude>testfile*/**</exclude>
				<exclude>**/__py*</exclude>
				<exclude>README</exclude>
				<exclude>get-pip.py</exclude>
			</excludes>
			<fileMode>755</fileMode>
		</fileSet>
		<fileSet>
			<directory>${project.basedir}/src/main/scripts</directory>
			<outputDirectory>/</outputDirectory>
			<includes>
				<include>*install*</include>
			</includes>
			<excludes>
				<exclude>**/*.log</exclude>
				<exclude>tmp/**</exclude>
				<exclude>workdir/**</exclude>
				<exclude>htmlcov/**</exclude>
				<exclude>coverage/*</exclude>
				<exclude>unittest2/*</exclude>
				<exclude>unittest/*</exclude>
				<exclude>**/test_*.py</exclude>
				<exclude>testfile*</exclude>
				<exclude>target</exclude>
				<exclude>*.xml</exclude>
				<exclude>xmlrunner/*</exclude>
				<exclude>**/*.pyc</exclude>
				<exclude>*.txt</exclude>
				<exclude>**/Test*.py</exclude>
				<exclude>config*/</exclude>
				<exclude>install.sh</exclude>
				<exclude>requests_file.py</exclude>
				<exclude>**/.pytest*</exclude>
				<exclude>testfile*/**</exclude>
				<exclude>**/__py*</exclude>
				<exclude>README</exclude>
			</excludes>
			<fileMode>755</fileMode>
		</fileSet>
	</fileSets>
	<files>
		<file>
			<source>${basedir}/src/main/python/fdeploy.py</source>
			<outputDirectory>/</outputDirectory>
			<fileMode>755</fileMode>
			<filtered>true</filtered>
		</file>
		<file>
			<source>${basedir}/src/main/scripts/fdeploy-install.sh</source>
			<outputDirectory>/</outputDirectory>
			<fileMode>755</fileMode>
			<filtered>true</filtered>
		</file>
		<file>
			<source>${basedir}/src/main/python/post-install.sh</source>
			<outputDirectory>/</outputDirectory>
			<fileMode>755</fileMode>
			<filtered>true</filtered>
		</file>
		<file>
			<source>${basedir}/src/main/python/cloudbees.py</source>
			<outputDirectory>/</outputDirectory>
			<fileMode>755</fileMode>
			<filtered>true</filtered>
		</file>
		<file>
			<source>${basedir}/src/main/config/dev_deploy_user_dsa.pub</source>
			<outputDirectory>/ssh/</outputDirectory>
			<fileMode>700</fileMode>
			<filtered>true</filtered>
		</file>
		<file>
			<source>${basedir}/src/main/python/requirements.txt</source>
			<outputDirectory>/</outputDirectory>
			<fileMode>644</fileMode>
		</file>
	</files>
</assembly>
