<?xml version="1.0" encoding="UTF-8" standalone="no"?>
<ruleset xmlns="http://pmd.sourceforge.net/ruleset/2.0.0"
         xmlns:xsi="http://www.w3.org/2001/XMLSchema-instance"
         name="testrule"
         xsi:schemaLocation="http://pmd.sourceforge.net/ruleset/2.0.0 http://pmd.sourceforge.net/ruleset_2_0_0.xsd">
   <description>Rule Set</description>
   <rule ref="rulesets/java/design.xml/AvoidDeeplyNestedIfStmts">
      <properties>
         <property name="problemDepth" value="3"/>
      </properties>
   </rule>
   <rule ref="rulesets/java/design.xml/BadComparison"/>
   <rule ref="rulesets/java/design.xml/CompareObjectsWithEquals">
      <priority>1</priority>
   </rule>
   <rule ref="rulesets/java/design.xml/UnsynchronizedStaticDateFormatter">
      <priority>1</priority>
   </rule>
   <rule ref="rulesets/java/strictexception.xml/AvoidCatchingThrowable">
      <priority>1</priority>
   </rule>
   <rule ref="rulesets/java/strictexception.xml/AvoidCatchingNPE"/>
   <rule ref="rulesets/java/strictexception.xml/AvoidThrowingRawExceptionTypes">
      <priority>3</priority>
   </rule>
   <rule ref="rulesets/java/strictexception.xml/AvoidThrowingNullPointerException">
      <priority>3</priority>
   </rule>
   <rule ref="rulesets/java/strictexception.xml/AvoidRethrowingException"/>
   <rule ref="rulesets/java/strictexception.xml/AvoidThrowingNewInstanceOfSameException"/>
   <rule ref="rulesets/java/unusedcode.xml/UnusedPrivateField"/>
   <rule ref="rulesets/java/unusedcode.xml/UnusedLocalVariable"/>
   <rule ref="rulesets/java/unusedcode.xml/UnusedPrivateMethod"/>
   <rule ref="rulesets/java/unusedcode.xml/UnusedFormalParameter"/>
   <rule ref="rulesets/java/logging-java.xml/MoreThanOneLogger">
      <priority>3</priority>
   </rule>
   <rule ref="rulesets/java/logging-java.xml/SystemPrintln">
      <priority>3</priority>
   </rule>
   <rule ref="rulesets/java/logging-java.xml/AvoidPrintStackTrace"/>
   <rule ref="rulesets/java/strings.xml/UseEqualsToCompareStrings">
      <priority>1</priority>
   </rule>
   <rule ref="rulesets/java/migrating.xml/IntegerInstantiation">
      <priority>3</priority>
   </rule>
   <rule ref="rulesets/java/migrating.xml/LongInstantiation">
      <priority>3</priority>
   </rule>
   <rule ref="rulesets/java/j2ee.xml/UseProperClassLoader"/>
   <rule ref="rulesets/java/j2ee.xml/MDBAndSessionBeanNamingConvention">
      <priority>3</priority>
   </rule>
   <rule ref="rulesets/java/j2ee.xml/RemoteSessionInterfaceNamingConvention">
      <priority>3</priority>
   </rule>
   <rule ref="rulesets/java/j2ee.xml/LocalInterfaceSessionNamingConvention">
      <priority>3</priority>
   </rule>
   <rule ref="rulesets/java/j2ee.xml/LocalHomeNamingConvention">
      <priority>3</priority>
   </rule>
   <rule ref="rulesets/java/j2ee.xml/RemoteInterfaceNamingConvention">
      <priority>3</priority>
   </rule>
   <rule ref="rulesets/java/j2ee.xml/DoNotCallSystemExit"/>
   <rule ref="rulesets/java/j2ee.xml/StaticEJBFieldShouldBeFinal"/>
   <rule ref="rulesets/java/j2ee.xml/DoNotUseThreads"/>
   <rule ref="rulesets/java/basic.xml/EmptyCatchBlock"/>
   <rule ref="rulesets/java/basic.xml/EmptyIfStmt"/>
   <rule ref="rulesets/java/basic.xml/EmptyWhileStmt"/>
   <rule ref="rulesets/java/basic.xml/EmptyFinallyBlock"/>
   <rule ref="rulesets/java/basic.xml/EmptySwitchStatements"/>
   <rule ref="rulesets/java/basic.xml/OverrideBothEqualsAndHashcode"/>
   <rule ref="rulesets/java/basic.xml/ReturnFromFinallyBlock"/>
   <rule ref="rulesets/java/basic.xml/EmptySynchronizedBlock"/>
   <rule ref="rulesets/java/basic.xml/ClassCastExceptionWithToArray"/>
   <rule ref="rulesets/java/basic.xml/AvoidThreadGroup">
      <priority>1</priority>
   </rule>
   <rule ref="rulesets/java/basic.xml/AvoidUsingHardCodedIP"/>
   <rule ref="rulesets/java/coupling.xml/LooseCoupling"/>
   <rule ref="rulesets/java/imports.xml/UnusedImports">
      <priority>3</priority>
   </rule>
   <rule ref="rulesets/java/controversial.xml/AssignmentInOperand"/>
   <rule ref="rulesets/java/controversial.xml/DontImportSun">
      <priority>1</priority>
   </rule>
   <rule ref="rulesets/java/controversial.xml/DoNotCallGarbageCollectionExplicitly">
      <priority>3</priority>
   </rule>
   <rule ref="rulesets/java/naming.xml/SuspiciousHashcodeMethodName"/>
   <rule ref="rulesets/java/naming.xml/SuspiciousConstantFieldName"/>
   <rule ref="rulesets/java/naming.xml/SuspiciousEqualsMethodName">
      <priority>3</priority>
   </rule>
   <rule ref="rulesets/java/codesize.xml/NPathComplexity">
      <properties>
         <property name="minimum" value="200"/>
      </properties>
   </rule>
   <rule ref="rulesets/java/codesize.xml/ExcessiveMethodLength">
      <properties>
         <property name="minimum" value="150"/>
      </properties>
   </rule>
   <rule ref="rulesets/java/codesize.xml/ExcessiveParameterList">
      <properties>
         <property name="minimum" value="6"/>
      </properties>
   </rule>
   <rule ref="rulesets/java/codesize.xml/CyclomaticComplexity">
      <priority>1</priority>
      <properties>
         <property name="reportLevel" value="9"/>
      </properties>
   </rule>
   <rule ref="rulesets/java/logging-jakarta-commons.xml/UseCorrectExceptionLogging"/>
   <rule ref="rulesets/java/javabeans.xml/MissingSerialVersionUID"/>

</ruleset>
