<?xml version="1.0" encoding="UTF-8"?>
<assembly>
    <formats>
        <format>tar.gz</format>
    </formats>
    <includeBaseDirectory>false</includeBaseDirectory>
    <fileSets>
        <!-- Start Domain set up -->
        <fileSet>
            <directory>src/main/domain/env</directory>
            <outputDirectory>${RELEASE_NUMBER}/cfg/env</outputDirectory>
            <lineEnding>unix</lineEnding>
            <fileMode>0775</fileMode>
        </fileSet>
        <fileSet>
            <directory>src/main/scripts</directory>
            <outputDirectory>${RELEASE_NUMBER}/scripts</outputDirectory>
            <lineEnding>unix</lineEnding>
            <fileMode>0775</fileMode>
            <directoryMode>0775</directoryMode>
        </fileSet>
        <fileSet>
            <directory>src/main/domain/scripts/rdt-batchservices</directory>
            <outputDirectory>${RELEASE_NUMBER}/scripts/rdt-batchservices</outputDirectory>
            <lineEnding>unix</lineEnding>
            <fileMode>0775</fileMode>
            <directoryMode>0775</directoryMode>
        </fileSet>
        <fileSet>
            <directory>src/main/domain/scripts/invadj-rdt-admin</directory>
            <outputDirectory>${RELEASE_NUMBER}/scripts/invadj-rdt-admin</outputDirectory>
            <lineEnding>unix</lineEnding>
            <fileMode>0775</fileMode>
            <directoryMode>0775</directoryMode>
        </fileSet>
        <fileSet>
            <directory>src/main/domain/scripts/rdt-thinclient</directory>
            <outputDirectory>${RELEASE_NUMBER}/scripts/rdt-thinclient</outputDirectory>
            <lineEnding>unix</lineEnding>
            <fileMode>0775</fileMode>
            <directoryMode>0775</directoryMode>
        </fileSet>
        <fileSet>
            <directory>src/main/domain/scripts/invadj-webservice</directory>
            <outputDirectory>${RELEASE_NUMBER}/scripts/invadj-webservice</outputDirectory>
            <lineEnding>unix</lineEnding>
            <fileMode>0775</fileMode>
            <directoryMode>0775</directoryMode>
        </fileSet>
        <fileSet>
            <directory>src/main/domain/scripts/rdt-mdbservice</directory>
            <outputDirectory>${RELEASE_NUMBER}/scripts/rdt-mdbservice</outputDirectory>
            <lineEnding>unix</lineEnding>
            <fileMode>0775</fileMode>
            <directoryMode>0775</directoryMode>
        </fileSet>
        <fileSet>
            <directory>src/main/domain/scripts/rdt-webservice</directory>
            <outputDirectory>${RELEASE_NUMBER}/scripts/rdt-webservice</outputDirectory>
            <lineEnding>unix</lineEnding>
            <fileMode>0775</fileMode>
            <directoryMode>0775</directoryMode>
        </fileSet>
        <fileSet>
            <directory>src/main/domain/scripts/rdt-dom-adjustments</directory>
            <outputDirectory>${RELEASE_NUMBER}/scripts/rdt-dom-adjustments</outputDirectory>
            <lineEnding>unix</lineEnding>
            <fileMode>0775</fileMode>
            <directoryMode>0775</directoryMode>
        </fileSet>
        <fileSet>
            <directory>src/main/domain/scripts/rdt-new-services</directory>
            <outputDirectory>${RELEASE_NUMBER}/scripts/rdt-new-services</outputDirectory>
            <lineEnding>unix</lineEnding>
            <fileMode>0775</fileMode>
            <directoryMode>0775</directoryMode>
        </fileSet>
        <fileSet>
            <directory>src/main/domain/certs</directory>
            <outputDirectory>${RELEASE_NUMBER}/scripts/RDTUtilities</outputDirectory>
            <lineEnding>unix</lineEnding>
            <fileMode>0775</fileMode>
            <directoryMode>0775</directoryMode>
        </fileSet>
        <fileSet>
            <directory>src/main/domain/etc/invadj-rdt-admin</directory>
            <outputDirectory>${RELEASE_NUMBER}/cfg/invadj-rdt-admin</outputDirectory>
            <lineEnding>unix</lineEnding>
            <fileMode>0775</fileMode>
            <directoryMode>0775</directoryMode>
        </fileSet>
        <fileSet>
            <directory>src/main/domain/cfg/weblogic</directory>
            <outputDirectory>${RELEASE_NUMBER}/cfg/weblogic</outputDirectory>
            <lineEnding>unix</lineEnding>
            <fileMode>0775</fileMode>
            <directoryMode>0775</directoryMode>
        </fileSet>
        <fileSet>
            <directory>src/main/domain/lib/invadj-rdt-admin</directory>
            <outputDirectory>${RELEASE_NUMBER}/lib/invadj-rdt-admin</outputDirectory>
            <includes>
                <include>*.*</include>
            </includes>
            <fileMode>0775</fileMode>
            <directoryMode>0775</directoryMode>
        </fileSet>
        <fileSet>
            <directory>src/main/empty</directory>
            <outputDirectory>${RELEASE_NUMBER}/app/web/weblogic/config</outputDirectory>
            <excludes>
                <exclude>*.*</exclude>
            </excludes>
            <lineEnding>unix</lineEnding>
            <directoryMode>0775</directoryMode>
        </fileSet>
        <fileSet>
            <directory>target</directory>
            <outputDirectory>${RELEASE_NUMBER}/bin/csm</outputDirectory>
            <includes>
                <include>*.war</include>
            </includes>
            <fileMode>0775</fileMode>
            <directoryMode>0775</directoryMode>
        </fileSet>
        <!-- Ended Domain set up -->
        <!-- Start Domain Logfolder set up -->
        <!-- Ended domain log folders setup -->
    </fileSets>
</assembly>
