<?xml version="1.0" encoding="UTF-8"?>
<assembly>
    <formats>
        <format>tar.gz</format>
    </formats>
    <includeBaseDirectory>false</includeBaseDirectory>
    <fileSets>
        <!-- Start Domain set up -->
        <fileSet>
            <directory>src/main/empty</directory>
            <outputDirectory>data/infiles/invadj-rdt-admin</outputDirectory>
            <excludes>
                <exclude>*.*</exclude>
            </excludes>
            <lineEnding>unix</lineEnding>
            <directoryMode>0775</directoryMode>
        </fileSet>
        <fileSet>
            <directory>src/main/empty</directory>
            <outputDirectory>data/infiles/invadj-rdt-admin/common</outputDirectory>
            <excludes>
                <exclude>*.*</exclude>
            </excludes>
            <lineEnding>unix</lineEnding>
            <directoryMode>0775</directoryMode>
        </fileSet>
        <!-- Ended Domain set up -->
        <!-- Start Domain Logfolder set up -->
        <fileSet>
            <directory>src/main/empty</directory>
            <outputDirectory>logs/rdt-webservice</outputDirectory>
            <excludes>
                <exclude>*.*</exclude>
            </excludes>
            <lineEnding>unix</lineEnding>
            <directoryMode>0775</directoryMode>
        </fileSet>
        <fileSet>
            <directory>src/main/empty</directory>
            <outputDirectory>data/archive/45D/logs</outputDirectory>
            <excludes>
                <exclude>*.*</exclude>
            </excludes>
            <lineEnding>unix</lineEnding>
            <directoryMode>0775</directoryMode>
        </fileSet>
        <fileSet>
             <directory>src/main/empty</directory>
             <outputDirectory>data/sxfr/infiles/from_fedexnet</outputDirectory>
             <excludes>
                  <exclude>*.*</exclude>
             </excludes>
              <lineEnding>unix</lineEnding>
             <directoryMode>0775</directoryMode>
        </fileSet>
        <fileSet>
            <directory>src/main/empty</directory>
            <outputDirectory>data/archive/45D/rdt_webservice_domain</outputDirectory>
            <excludes>
                <exclude>*.*</exclude>
            </excludes>
            <lineEnding>unix</lineEnding>
            <directoryMode>0775</directoryMode>
        </fileSet>
        <fileSet>
            <directory>src/main/empty</directory>
            <outputDirectory>data/archive/45D/rdt_mdbservice_domain</outputDirectory>
            <excludes>
                <exclude>*.*</exclude>
            </excludes>
            <lineEnding>unix</lineEnding>
            <directoryMode>0775</directoryMode>
        </fileSet>
        <fileSet>
            <directory>src/main/empty</directory>
            <outputDirectory>data/archive/45D/invadj_webservice_domain</outputDirectory>
            <excludes>
                <exclude>*.*</exclude>
            </excludes>
            <lineEnding>unix</lineEnding>
            <directoryMode>0775</directoryMode>
        </fileSet>
        <fileSet>
            <directory>src/main/empty</directory>
            <outputDirectory>data/archive/45D/rdt_dom_adjustments_domain</outputDirectory>
            <excludes>
                <exclude>*.*</exclude>
            </excludes>
            <lineEnding>unix</lineEnding>
            <directoryMode>0775</directoryMode>
        </fileSet>
        <fileSet>
            <directory>src/main/empty</directory>
            <outputDirectory>data/archive/45D/rdt_thinclient_domain</outputDirectory>
            <excludes>
                <exclude>*.*</exclude>
            </excludes>
            <lineEnding>unix</lineEnding>
            <directoryMode>0775</directoryMode>
        </fileSet>
        <fileSet>
            <directory>src/main/empty</directory>
            <outputDirectory>data/archive/45D/rdt_batchsvc_domain</outputDirectory>
            <excludes>
                <exclude>*.*</exclude>
            </excludes>
            <lineEnding>unix</lineEnding>
            <directoryMode>0775</directoryMode>
        </fileSet>
        <fileSet>
            <directory>src/main/empty</directory>
            <outputDirectory>data/archive/45D/rdt_new_services_domain</outputDirectory>
            <excludes>
                <exclude>*.*</exclude>
            </excludes>
            <lineEnding>unix</lineEnding>
            <directoryMode>0775</directoryMode>
        </fileSet>
        <fileSet>
            <directory>src/main/empty</directory>
            <outputDirectory>data/sxfr/infiles/rerated</outputDirectory>
            <excludes>
                <exclude>*.*</exclude>
            </excludes>
            <lineEnding>unix</lineEnding>
            <directoryMode>0775</directoryMode>
        </fileSet>
        <fileSet>
            <directory>src/main/empty</directory>
            <outputDirectory>data/sxfr/infiles/era_mass_adj_mut</outputDirectory>
            <excludes>
                <exclude>*.*</exclude>
            </excludes>
            <lineEnding>unix</lineEnding>
            <directoryMode>0775</directoryMode>
        </fileSet>
        <fileSet>
            <directory>src/main/empty</directory>
            <outputDirectory>data/sxfr/infiles/era_mass_adj_mut/small</outputDirectory>
            <excludes>
                <exclude>*.*</exclude>
            </excludes>
            <lineEnding>unix</lineEnding>
            <directoryMode>0775</directoryMode>
        </fileSet>
        <fileSet>
            <directory>src/main/empty</directory>
            <outputDirectory>data/sxfr/infiles/era_mass_adj_mut/medium</outputDirectory>
            <excludes>
                <exclude>*.*</exclude>
            </excludes>
            <lineEnding>unix</lineEnding>
            <directoryMode>0775</directoryMode>
        </fileSet>
        <fileSet>
            <directory>src/main/empty</directory>
            <outputDirectory>data/sxfr/infiles/era_mass_adj_mut/large</outputDirectory>
            <excludes>
                <exclude>*.*</exclude>
            </excludes>
            <lineEnding>unix</lineEnding>
            <directoryMode>0775</directoryMode>
        </fileSet>
        <fileSet>
            <directory>src/main/empty</directory>
            <outputDirectory>data/archive/45D/era_mass_adj_mut</outputDirectory>
            <excludes>
                <exclude>*.*</exclude>
            </excludes>
            <lineEnding>unix</lineEnding>
            <directoryMode>0775</directoryMode>
        </fileSet>
        <fileSet>
            <directory>src/main/empty</directory>
            <outputDirectory>data/sxfr/infiles/era_mass_adj_acp</outputDirectory>
            <excludes>
                <exclude>*.*</exclude>
            </excludes>
            <lineEnding>unix</lineEnding>
            <directoryMode>0775</directoryMode>
        </fileSet>
        <fileSet>
            <directory>src/main/empty</directory>
            <outputDirectory>data/archive/45D/era_mass_adj_acp</outputDirectory>
            <excludes>
                <exclude>*.*</exclude>
            </excludes>
            <lineEnding>unix</lineEnding>
            <directoryMode>0775</directoryMode>
        </fileSet>
        <fileSet>
            <directory>src/main/empty</directory>
            <outputDirectory>data/sxfr/infiles/apac</outputDirectory>
            <excludes>
                <exclude>*.*</exclude>
            </excludes>
            <lineEnding>unix</lineEnding>
            <directoryMode>0775</directoryMode>
        </fileSet>
        <fileSet>
            <directory>src/main/empty</directory>
            <outputDirectory>data/archive/45D/apac</outputDirectory>
            <excludes>
                <exclude>*.*</exclude>
            </excludes>
            <lineEnding>unix</lineEnding>
            <directoryMode>0775</directoryMode>
        </fileSet>
        <fileSet>
            <directory>src/main/empty</directory>
            <outputDirectory>data/sxfr/infiles/icoaccounting</outputDirectory>
            <excludes>
                <exclude>*.*</exclude>
            </excludes>
            <lineEnding>unix</lineEnding>
            <directoryMode>0775</directoryMode>
        </fileSet>
        <fileSet>
            <directory>src/main/empty</directory>
            <outputDirectory>data/archive/45D/icoaccounting</outputDirectory>
            <excludes>
                <exclude>*.*</exclude>
            </excludes>
            <lineEnding>unix</lineEnding>
            <directoryMode>0775</directoryMode>
        </fileSet>
        <fileSet>
            <directory>src/main/empty</directory>
            <outputDirectory>data/sxfr/infiles/rebillBankruptcy</outputDirectory>
            <excludes>
                <exclude>*.*</exclude>
            </excludes>
            <lineEnding>unix</lineEnding>
            <directoryMode>0775</directoryMode>
        </fileSet>
        <fileSet>
            <directory>src/main/empty</directory>
            <outputDirectory>data/archive/45D/rebillBankruptcy</outputDirectory>
            <excludes>
                <exclude>*.*</exclude>
            </excludes>
            <lineEnding>unix</lineEnding>
            <directoryMode>0775</directoryMode>
        </fileSet>
        <fileSet>
            <directory>src/main/domain/certs</directory>
            <outputDirectory>data/certs</outputDirectory>
            <lineEnding>keep</lineEnding>
            <directoryMode>0775</directoryMode>
        </fileSet>
        <fileSet>
            <directory>src/main/domain/framework</directory>
            <outputDirectory>data/framework</outputDirectory>
            <lineEnding>keep</lineEnding>
            <directoryMode>0775</directoryMode>
        </fileSet>

        <!-- Ended domain log folders setup -->
    </fileSets>
</assembly>
