<?xml version="1.0" encoding="UTF-8"?>
<assembly>
    <id>dist</id>
    <formats>
        <format>tar.gz</format>
    </formats>
    <includeBaseDirectory>false</includeBaseDirectory>
    <fileSets>
         <fileSet>
            <directory>archive</directory>
          <includes>
              <include>*.sh</include>
          </includes>
            <outputDirectory>scripts/rdt-common</outputDirectory>
             <fileMode>0775</fileMode>
	           <directoryMode>0775</directoryMode>
            <lineEnding>unix</lineEnding>
        </fileSet>  
    </fileSets>
</assembly>
