[{
  "type": "pcf-aggregate",
  "rtv": [{
      "name": "NUM_INSTANCES",
      "value": "1"
    },
    {
      "name": "LOG_LEVEL",
      "value": "1"
    },
    {
      "name": "SPRING_PROFILES_ACTIVE",
      "value": "L3"
    }
  ],
  "levels": [{
      "rtv": [],
      "level": "L1",
      "targets": [
        "development@api.sys.wtcdev2.paas.fedex.com"
      ]
    },
    {
      "rtv": [],
      "level": "L2",
      "targets": [
        "development@api.sys.wtcdev2.paas.fedex.com"
      ]
    },
    {
      "rtv": [],
      "level": "L3",
      "targets": [
        "release@api.sys.wtcdev2.paas.fedex.com"
      ]
    },
    {
      "rtv": [{
        "name": "NUM_INSTANCES",
        "value": "2"
      }],
      "level": "L4",
      "targets": [
        "release@api.sys.wtcdev2.paas.fedex.com"
      ]
    },
    {
      "rtv": [{
        "name": "NUM_INSTANCES",
        "value": "1"
      }],
      "level": "PROD",
      "targets": [
        "production@api.sys.edcbo1.paas.fedex.com"
      ]
    }
  ],


  "content": [{
    "gav": "com.fedex.cloud:config-server:jar",
    "saveArchiveName": "config-server.jar"
  }],
  "domain-config": "domain-config.json",
  "id": "waypoint-config-server",
  "name_format": "PCF_SEFS_ITENARY_CONFIG_BOOT_%0d",
  "platform": "bash_generator"
}]
